2025-05,2025-05-01,2025-05-31,50
2025-06,2025-06-01,2025-06-30,50
2025-07,2025-07-01,2025-07-31,51
2025-08,2025-08-01,2025-08-31,51
2025-09,2025-09-01,2025-09-30,51
2025-10,2025-10-01,2025-10-31,51
2025-11,2025-11-01,2025-11-30,51
2025-12,2025-12-01,2025-12-31,51
2026-01,2026-01-01,2026-01-31,51
2026-02,2026-02-01,2026-02-28,51
2026-03,2026-03-01,2026-03-31,51
2026-04,2026-04-01,2026-04-30,51
2026-05,2026-05-01,2026-05-31,51
2026-06,2026-06-01,2026-06-30,51
2026-07,2026-07-01,2026-07-31,52
2026-08,2026-08-01,2026-08-31,52
2026-09,2026-09-01,2026-09-30,52
2026-10,2026-10-01,2026-10-31,52
2026-11,2026-11-01,2026-11-30,52
2026-12,2026-12-01,2026-12-31,52
2027-01,2027-01-01,2027-01-31,52
2027-02,2027-02-01,2027-02-28,52
2027-03,2027-03-01,2027-03-31,52
2027-04,2027-04-01,2027-04-30,52
2027-05,2027-05-01,2027-05-31,52
2027-06,2027-06-01,2027-06-30,52
2027-07,2027-07-01,2027-07-31,53
2027-08,2027-08-01,2027-08-31,53
2027-09,2027-09-01,2027-09-30,53
2027-10,2027-10-01,2027-10-31,53
2027-11,2027-11-01,2027-11-30,53
2027-12,2027-12-01,2027-12-31,53
2028-01,2028-01-01,2028-01-31,53
2028-02,2028-02-01,2028-02-29,53
2028-03,2028-03-01,2028-03-31,53
2028-04,2028-04-01,2028-04-30,53
2028-05,2028-05-01,2028-05-31,53
2028-06,2028-06-01,2028-06-30,53
2028-07,2028-07-01,2028-07-31,54
2028-08,2028-08-01,2028-08-31,54
2028-09,2028-09-01,2028-09-30,54
2028-10,2028-10-01,2028-10-31,54
2028-11,2028-11-01,2028-11-30,54
2028-12,2028-12-01,2028-12-31,54
2029-01,2029-01-01,2029-01-31,54
2029-02,2029-02-01,2029-02-28,54
2029-03,2029-03-01,2029-03-31,54
2029-04,2029-04-01,2029-04-30,54
2029-05,2029-05-01,2029-05-31,54
2029-06,2029-06-01,2029-06-30,54
2029-07,2029-07-01,2029-07-31,55
2029-08,2029-08-01,2029-08-31,55
2029-09,2029-09-01,2029-09-30,55
2029-10,2029-10-01,2029-10-31,55
2029-11,2029-11-01,2029-11-30,55
2029-12,2029-12-01,2029-12-31,55
2030-01,2030-01-01,2030-01-31,55
2030-02,2030-02-01,2030-02-28,55
2030-03,2030-03-01,2030-03-31,55
2030-04,2030-04-01,2030-04-30,55
2030-05,2030-05-01,2030-05-31,55
2030-06,2030-06-01,2030-06-30,55
2030-07,2030-07-01,2030-07-31,56
2030-08,2030-08-01,2030-08-31,56
2030-09,2030-09-01,2030-09-30,56
2030-10,2030-10-01,2030-10-31,56
2030-11,2030-11-01,2030-11-30,56
2030-12,2030-12-01,2030-12-31,56
2031-01,2031-01-01,2031-01-31,56
2031-02,2031-02-01,2031-02-28,56
2031-03,2031-03-01,2031-03-31,56
2031-04,2031-04-01,2031-04-30,56
2031-05,2031-05-01,2031-05-31,56
2031-06,2031-06-01,2031-06-30,56
2031-07,2031-07-01,2031-07-31,57
2031-08,2031-08-01,2031-08-31,57
2031-09,2031-09-01,2031-09-30,57
2031-10,2031-10-01,2031-10-31,57
2031-11,2031-11-01,2031-11-30,57
2031-12,2031-12-01,2031-12-31,57
2032-01,2032-01-01,2032-01-31,57
2032-02,2032-02-01,2032-02-29,57
2032-03,2032-03-01,2032-03-31,57
2032-04,2032-04-01,2032-04-30,57
2032-05,2032-05-01,2032-05-31,57
2032-06,2032-06-01,2032-06-30,57
2032-07,2032-07-01,2032-07-31,58
2032-08,2032-08-01,2032-08-31,58
2032-09,2032-09-01,2032-09-30,58
2032-10,2032-10-01,2032-10-31,58
2032-11,2032-11-01,2032-11-30,58
2032-12,2032-12-01,2032-12-31,58
2033-01,2033-01-01,2033-01-31,58
2033-02,2033-02-01,2033-02-28,58
2033-03,2033-03-01,2033-03-31,58
2033-04,2033-04-01,2033-04-30,58
2033-05,2033-05-01,2033-05-31,58
2033-06,2033-06-01,2033-06-30,58
2033-07,2033-07-01,2033-07-31,59
2033-08,2033-08-01,2033-08-31,59
2033-09,2033-09-01,2033-09-30,59
2033-10,2033-10-01,2033-10-31,59
2033-11,2033-11-01,2033-11-30,59
2033-12,2033-12-01,2033-12-31,59
2034-01,2034-01-01,2034-01-31,59
2034-02,2034-02-01,2034-02-28,59
2034-03,2034-03-01,2034-03-31,59
2034-04,2034-04-01,2034-04-30,59
2034-05,2034-05-01,2034-05-31,59
2034-06,2034-06-01,2034-06-30,59
2034-07,2034-07-01,2034-07-31,60
2034-08,2034-08-01,2034-08-31,60
2034-09,2034-09-01,2034-09-30,60
2034-10,2034-10-01,2034-10-31,60
2034-11,2034-11-01,2034-11-30,60
2034-12,2034-12-01,2034-12-31,60
2035-01,2035-01-01,2035-01-31,60
2035-02,2035-02-01,2035-02-28,60
2035-03,2035-03-01,2035-03-31,60
2035-04,2035-04-01,2035-04-30,60
2035-05,2035-05-01,2035-05-31,60
2035-06,2035-06-01,2035-06-30,60
2035-07,2035-07-01,2035-07-31,61
2035-08,2035-08-01,2035-08-31,61
2035-09,2035-09-01,2035-09-30,61
2035-10,2035-10-01,2035-10-31,61
2035-11,2035-11-01,2035-11-30,61
2035-12,2035-12-01,2035-12-31,61
2036-01,2036-01-01,2036-01-31,61
2036-02,2036-02-01,2036-02-29,61
2036-03,2036-03-01,2036-03-31,61
2036-04,2036-04-01,2036-04-30,61
2036-05,2036-05-01,2036-05-31,61
2036-06,2036-06-01,2036-06-30,61
2036-07,2036-07-01,2036-07-31,62
2036-08,2036-08-01,2036-08-31,62
2036-09,2036-09-01,2036-09-30,62
2036-10,2036-10-01,2036-10-31,62
2036-11,2036-11-01,2036-11-30,62
2036-12,2036-12-01,2036-12-31,62
2037-01,2037-01-01,2037-01-31,62
2037-02,2037-02-01,2037-02-28,62
2037-03,2037-03-01,2037-03-31,62
2037-04,2037-04-01,2037-04-30,62
2037-05,2037-05-01,2037-05-31,62
2037-06,2037-06-01,2037-06-30,62
2037-07,2037-07-01,2037-07-31,63
2037-08,2037-08-01,2037-08-31,63
2037-09,2037-09-01,2037-09-30,63
2037-10,2037-10-01,2037-10-31,63
2037-11,2037-11-01,2037-11-30,63
2037-12,2037-12-01,2037-12-31,63
2038-01,2038-01-01,2038-01-31,63
2038-02,2038-02-01,2038-02-28,63
2038-03,2038-03-01,2038-03-31,63
2038-04,2038-04-01,2038-04-30,63
2038-05,2038-05-01,2038-05-31,63
2038-06,2038-06-01,2038-06-30,63
2038-07,2038-07-01,2038-07-31,64
2038-08,2038-08-01,2038-08-31,64
2038-09,2038-09-01,2038-09-30,64
2038-10,2038-10-01,2038-10-31,64
2038-11,2038-11-01,2038-11-30,64
2038-12,2038-12-01,2038-12-31,64
2039-01,2039-01-01,2039-01-31,64
2039-02,2039-02-01,2039-02-28,64
2039-03,2039-03-01,2039-03-31,64
2039-04,2039-04-01,2039-04-30,64
2039-05,2039-05-01,2039-05-31,64
2039-06,2039-06-01,2039-06-30,64
2039-07,2039-07-01,2039-07-31,65
2039-08,2039-08-01,2039-08-31,65
2039-09,2039-09-01,2039-09-30,65
2039-10,2039-10-01,2039-10-31,65
2039-11,2039-11-01,2039-11-30,65
2039-12,2039-12-01,2039-12-31,65
2040-01,2040-01-01,2040-01-31,65
2040-02,2040-02-01,2040-02-29,65
2040-03,2040-03-01,2040-03-31,65
2040-04,2040-04-01,2040-04-30,65
2040-05,2040-05-01,2040-05-31,65
2040-06,2040-06-01,2040-06-30,65
2040-07,2040-07-01,2040-07-31,66
2040-08,2040-08-01,2040-08-31,66
2040-09,2040-09-01,2040-09-30,66
2040-10,2040-10-01,2040-10-31,66
2040-11,2040-11-01,2040-11-30,66
2040-12,2040-12-01,2040-12-31,66
2041-01,2041-01-01,2041-01-31,66
2041-02,2041-02-01,2041-02-28,66
2041-03,2041-03-01,2041-03-31,66
2041-04,2041-04-01,2041-04-30,66
2041-05,2041-05-01,2041-05-31,66
2041-06,2041-06-01,2041-06-30,66
2041-07,2041-07-01,2041-07-31,67
2041-08,2041-08-01,2041-08-31,67
2041-09,2041-09-01,2041-09-30,67
2041-10,2041-10-01,2041-10-31,67
2041-11,2041-11-01,2041-11-30,67
2041-12,2041-12-01,2041-12-31,67
2042-01,2042-01-01,2042-01-31,67
2042-02,2042-02-01,2042-02-28,67
2042-03,2042-03-01,2042-03-31,67
2042-04,2042-04-01,2042-04-30,67
2042-05,2042-05-01,2042-05-31,67
2042-06,2042-06-01,2042-06-30,67
2042-07,2042-07-01,2042-07-31,68
2042-08,2042-08-01,2042-08-31,68
2042-09,2042-09-01,2042-09-30,68
2042-10,2042-10-01,2042-10-31,68
2042-11,2042-11-01,2042-11-30,68
2042-12,2042-12-01,2042-12-31,68
2043-01,2043-01-01,2043-01-31,68
2043-02,2043-02-01,2043-02-28,68
2043-03,2043-03-01,2043-03-31,68
2043-04,2043-04-01,2043-04-30,68
2043-05,2043-05-01,2043-05-31,68
2043-06,2043-06-01,2043-06-30,68
2043-07,2043-07-01,2043-07-31,69
2043-08,2043-08-01,2043-08-31,69
2043-09,2043-09-01,2043-09-30,69
2043-10,2043-10-01,2043-10-31,69
2043-11,2043-11-01,2043-11-30,69
2043-12,2043-12-01,2043-12-31,69
2044-01,2044-01-01,2044-01-31,69
2044-02,2044-02-01,2044-02-29,69
2044-03,2044-03-01,2044-03-31,69
2044-04,2044-04-01,2044-04-30,69
2044-05,2044-05-01,2044-05-31,69
2044-06,2044-06-01,2044-06-30,69
2044-07,2044-07-01,2044-07-31,70
2044-08,2044-08-01,2044-08-31,70
2044-09,2044-09-01,2044-09-30,70
2044-10,2044-10-01,2044-10-31,70
2044-11,2044-11-01,2044-11-30,70
2044-12,2044-12-01,2044-12-31,70
2045-01,2045-01-01,2045-01-31,70
2045-02,2045-02-01,2045-02-28,70
2045-03,2045-03-01,2045-03-31,70
2045-04,2045-04-01,2045-04-30,70
2045-05,2045-05-01,2045-05-31,70
2045-06,2045-06-01,2045-06-30,70
2045-07,2045-07-01,2045-07-31,71
2045-08,2045-08-01,2045-08-31,71
2045-09,2045-09-01,2045-09-30,71
2045-10,2045-10-01,2045-10-31,71
2045-11,2045-11-01,2045-11-30,71
2045-12,2045-12-01,2045-12-31,71
2046-01,2046-01-01,2046-01-31,71
2046-02,2046-02-01,2046-02-28,71
2046-03,2046-03-01,2046-03-31,71
2046-04,2046-04-01,2046-04-30,71
2046-05,2046-05-01,2046-05-31,71
2046-06,2046-06-01,2046-06-30,71
2046-07,2046-07-01,2046-07-31,72
2046-08,2046-08-01,2046-08-31,72
2046-09,2046-09-01,2046-09-30,72
2046-10,2046-10-01,2046-10-31,72
2046-11,2046-11-01,2046-11-30,72
2046-12,2046-12-01,2046-12-31,72
2047-01,2047-01-01,2047-01-31,72
2047-02,2047-02-01,2047-02-28,72
2047-03,2047-03-01,2047-03-31,72
2047-04,2047-04-01,2047-04-30,72
2047-05,2047-05-01,2047-05-31,72
2047-06,2047-06-01,2047-06-30,72
2047-07,2047-07-01,2047-07-31,73
2047-08,2047-08-01,2047-08-31,73
2047-09,2047-09-01,2047-09-30,73
2047-10,2047-10-01,2047-10-31,73
2047-11,2047-11-01,2047-11-30,73
2047-12,2047-12-01,2047-12-31,73
2048-01,2048-01-01,2048-01-31,73
2048-02,2048-02-01,2048-02-29,73
2048-03,2048-03-01,2048-03-31,73
2048-04,2048-04-01,2048-04-30,73
2048-05,2048-05-01,2048-05-31,73
2048-06,2048-06-01,2048-06-30,73
2048-07,2048-07-01,2048-07-31,74
2048-08,2048-08-01,2048-08-31,74
2048-09,2048-09-01,2048-09-30,74
2048-10,2048-10-01,2048-10-31,74
2048-11,2048-11-01,2048-11-30,74
2048-12,2048-12-01,2048-12-31,74
2049-01,2049-01-01,2049-01-31,74
2049-02,2049-02-01,2049-02-28,74
2049-03,2049-03-01,2049-03-31,74
2049-04,2049-04-01,2049-04-30,74
2049-05,2049-05-01,2049-05-31,74
2049-06,2049-06-01,2049-06-30,74
2049-07,2049-07-01,2049-07-31,75
2049-08,2049-08-01,2049-08-31,75
2049-09,2049-09-01,2049-09-30,75
2049-10,2049-10-01,2049-10-31,75
2049-11,2049-11-01,2049-11-30,75
2049-12,2049-12-01,2049-12-31,75
2050-01,2050-01-01,2050-01-31,75
2050-02,2050-02-01,2050-02-28,75
2050-03,2050-03-01,2050-03-31,75
2050-04,2050-04-01,2050-04-30,75
2050-05,2050-05-01,2050-05-31,75
2050-06,2050-06-01,2050-06-30,75
2050-07,2050-07-01,2050-07-31,76
2050-08,2050-08-01,2050-08-31,76
2050-09,2050-09-01,2050-09-30,76
2050-10,2050-10-01,2050-10-31,76
2050-11,2050-11-01,2050-11-30,76
2050-12,2050-12-01,2050-12-31,76
2051-01,2051-01-01,2051-01-31,76
2051-02,2051-02-01,2051-02-28,76
2051-03,2051-03-01,2051-03-31,76
2051-04,2051-04-01,2051-04-30,76
2051-05,2051-05-01,2051-05-31,76
2051-06,2051-06-01,2051-06-30,76
2051-07,2051-07-01,2051-07-31,77
2051-08,2051-08-01,2051-08-31,77
2051-09,2051-09-01,2051-09-30,77
2051-10,2051-10-01,2051-10-31,77
2051-11,2051-11-01,2051-11-30,77
2051-12,2051-12-01,2051-12-31,77
2052-01,2052-01-01,2052-01-31,77
2052-02,2052-02-01,2052-02-29,77
2052-03,2052-03-01,2052-03-31,77
2052-04,2052-04-01,2052-04-30,77
2052-05,2052-05-01,2052-05-31,77
2052-06,2052-06-01,2052-06-30,77
2052-07,2052-07-01,2052-07-31,78
2052-08,2052-08-01,2052-08-31,78
2052-09,2052-09-01,2052-09-30,78
2052-10,2052-10-01,2052-10-31,78
2052-11,2052-11-01,2052-11-30,78
2052-12,2052-12-01,2052-12-31,78
2053-01,2053-01-01,2053-01-31,78
2053-02,2053-02-01,2053-02-28,78
2053-03,2053-03-01,2053-03-31,78
2053-04,2053-04-01,2053-04-30,78
2053-05,2053-05-01,2053-05-31,78
2053-06,2053-06-01,2053-06-30,78
2053-07,2053-07-01,2053-07-31,79
2053-08,2053-08-01,2053-08-31,79
2053-09,2053-09-01,2053-09-30,79
2053-10,2053-10-01,2053-10-31,79
2053-11,2053-11-01,2053-11-30,79
2053-12,2053-12-01,2053-12-31,79
2054-01,2054-01-01,2054-01-31,79
2054-02,2054-02-01,2054-02-28,79
2054-03,2054-03-01,2054-03-31,79
2054-04,2054-04-01,2054-04-30,79
2054-05,2054-05-01,2054-05-31,79
2054-06,2054-06-01,2054-06-30,79
2054-07,2054-07-01,2054-07-31,80
2054-08,2054-08-01,2054-08-31,80
2054-09,2054-09-01,2054-09-30,80
2054-10,2054-10-01,2054-10-31,80
2054-11,2054-11-01,2054-11-30,80
2054-12,2054-12-01,2054-12-31,80
2055-01,2055-01-01,2055-01-31,80
2055-02,2055-02-01,2055-02-28,80
2055-03,2055-03-01,2055-03-31,80
2055-04,2055-04-01,2055-04-30,80
2055-05,2055-05-01,2055-05-31,80
2055-06,2055-06-01,2055-06-30,80
2055-07,2055-07-01,2055-07-31,81
2055-08,2055-08-01,2055-08-31,81
2055-09,2055-09-01,2055-09-30,81
2055-10,2055-10-01,2055-10-31,81
2055-11,2055-11-01,2055-11-30,81
2055-12,2055-12-01,2055-12-31,81
2056-01,2056-01-01,2056-01-31,81
2056-02,2056-02-01,2056-02-29,81
2056-03,2056-03-01,2056-03-31,81
2056-04,2056-04-01,2056-04-30,81
2056-05,2056-05-01,2056-05-31,81
2056-06,2056-06-01,2056-06-30,81
2056-07,2056-07-01,2056-07-31,82
2056-08,2056-08-01,2056-08-31,82
2056-09,2056-09-01,2056-09-30,82
2056-10,2056-10-01,2056-10-31,82
2056-11,2056-11-01,2056-11-30,82
2056-12,2056-12-01,2056-12-31,82
2057-01,2057-01-01,2057-01-31,82
2057-02,2057-02-01,2057-02-28,82
2057-03,2057-03-01,2057-03-31,82
2057-04,2057-04-01,2057-04-30,82
2057-05,2057-05-01,2057-05-31,82
2057-06,2057-06-01,2057-06-30,82
2057-07,2057-07-01,2057-07-31,83
2057-08,2057-08-01,2057-08-31,83
2057-09,2057-09-01,2057-09-30,83
2057-10,2057-10-01,2057-10-31,83
2057-11,2057-11-01,2057-11-30,83
2057-12,2057-12-01,2057-12-31,83
2058-01,2058-01-01,2058-01-31,83
2058-02,2058-02-01,2058-02-28,83
2058-03,2058-03-01,2058-03-31,83
2058-04,2058-04-01,2058-04-30,83
2058-05,2058-05-01,2058-05-31,83
2058-06,2058-06-01,2058-06-30,83
2058-07,2058-07-01,2058-07-31,84
2058-08,2058-08-01,2058-08-31,84
2058-09,2058-09-01,2058-09-30,84
2058-10,2058-10-01,2058-10-31,84
2058-11,2058-11-01,2058-11-30,84
2058-12,2058-12-01,2058-12-31,84
2059-01,2059-01-01,2059-01-31,84
2059-02,2059-02-01,2059-02-28,84
2059-03,2059-03-01,2059-03-31,84
2059-04,2059-04-01,2059-04-30,84
2059-05,2059-05-01,2059-05-31,84
2059-06,2059-06-01,2059-06-30,84
2059-07,2059-07-01,2059-07-31,85
2059-08,2059-08-01,2059-08-31,85
2059-09,2059-09-01,2059-09-30,85
2059-10,2059-10-01,2059-10-31,85
2059-11,2059-11-01,2059-11-30,85
2059-12,2059-12-01,2059-12-31,85
2060-01,2060-01-01,2060-01-31,85
2060-02,2060-02-01,2060-02-29,85
2060-03,2060-03-01,2060-03-31,85
2060-04,2060-04-01,2060-04-30,85
2060-05,2060-05-01,2060-05-31,85
2060-06,2060-06-01,2060-06-30,85
2060-07,2060-07-01,2060-07-31,86
2060-08,2060-08-01,2060-08-31,86
2060-09,2060-09-01,2060-09-30,86
2060-10,2060-10-01,2060-10-31,86
2060-11,2060-11-01,2060-11-30,86
2060-12,2060-12-01,2060-12-31,86
2061-01,2061-01-01,2061-01-31,86
2061-02,2061-02-01,2061-02-28,86
2061-03,2061-03-01,2061-03-31,86
2061-04,2061-04-01,2061-04-30,86
2061-05,2061-05-01,2061-05-31,86
2061-06,2061-06-01,2061-06-30,86
2061-07,2061-07-01,2061-07-31,87
2061-08,2061-08-01,2061-08-31,87
2061-09,2061-09-01,2061-09-30,87
2061-10,2061-10-01,2061-10-31,87
2061-11,2061-11-01,2061-11-30,87
2061-12,2061-12-01,2061-12-31,87
2062-01,2062-01-01,2062-01-31,87
2062-02,2062-02-01,2062-02-28,87
2062-03,2062-03-01,2062-03-31,87
2062-04,2062-04-01,2062-04-30,87
2062-05,2062-05-01,2062-05-31,87
2062-06,2062-06-01,2062-06-30,87
2062-07,2062-07-01,2062-07-31,88
2062-08,2062-08-01,2062-08-31,88
2062-09,2062-09-01,2062-09-30,88
2062-10,2062-10-01,2062-10-31,88
2062-11,2062-11-01,2062-11-30,88
2062-12,2062-12-01,2062-12-31,88
2063-01,2063-01-01,2063-01-31,88
2063-02,2063-02-01,2063-02-28,88
2063-03,2063-03-01,2063-03-31,88
2063-04,2063-04-01,2063-04-30,88
2063-05,2063-05-01,2063-05-31,88
2063-06,2063-06-01,2063-06-30,88
2063-07,2063-07-01,2063-07-31,89
2063-08,2063-08-01,2063-08-31,89
2063-09,2063-09-01,2063-09-30,89
2063-10,2063-10-01,2063-10-31,89
2063-11,2063-11-01,2063-11-30,89
2063-12,2063-12-01,2063-12-31,89
2064-01,2064-01-01,2064-01-31,89
2064-02,2064-02-01,2064-02-29,89
2064-03,2064-03-01,2064-03-31,89
2064-04,2064-04-01,2064-04-30,89
2064-05,2064-05-01,2064-05-31,89
2064-06,2064-06-01,2064-06-30,89
2064-07,2064-07-01,2064-07-31,90
2064-08,2064-08-01,2064-08-31,90
2064-09,2064-09-01,2064-09-30,90
2064-10,2064-10-01,2064-10-31,90
2064-11,2064-11-01,2064-11-30,90
2064-12,2064-12-01,2064-12-31,90
2065-01,2065-01-01,2065-01-31,90
2065-02,2065-02-01,2065-02-28,90
2065-03,2065-03-01,2065-03-31,90
2065-04,2065-04-01,2065-04-30,90
2065-05,2065-05-01,2065-05-31,90
2065-06,2065-06-01,2065-06-30,90
2065-07,2065-07-01,2065-07-31,91
2065-08,2065-08-01,2065-08-31,91
2065-09,2065-09-01,2065-09-30,91
2065-10,2065-10-01,2065-10-31,91
2065-11,2065-11-01,2065-11-30,91
2065-12,2065-12-01,2065-12-31,91
2066-01,2066-01-01,2066-01-31,91
2066-02,2066-02-01,2066-02-28,91
2066-03,2066-03-01,2066-03-31,91
2066-04,2066-04-01,2066-04-30,91
2066-05,2066-05-01,2066-05-31,91
2066-06,2066-06-01,2066-06-30,91
2066-07,2066-07-01,2066-07-31,92
2066-08,2066-08-01,2066-08-31,92
2066-09,2066-09-01,2066-09-30,92
2066-10,2066-10-01,2066-10-31,92
2066-11,2066-11-01,2066-11-30,92
2066-12,2066-12-01,2066-12-31,92
2067-01,2067-01-01,2067-01-31,92
2067-02,2067-02-01,2067-02-28,92
2067-03,2067-03-01,2067-03-31,92
2067-04,2067-04-01,2067-04-30,92
2067-05,2067-05-01,2067-05-31,92
2067-06,2067-06-01,2067-06-30,92
2067-07,2067-07-01,2067-07-31,93
2067-08,2067-08-01,2067-08-31,93
2067-09,2067-09-01,2067-09-30,93
2067-10,2067-10-01,2067-10-31,93
2067-11,2067-11-01,2067-11-30,93
2067-12,2067-12-01,2067-12-31,93
2068-01,2068-01-01,2068-01-31,93
2068-02,2068-02-01,2068-02-29,93
2068-03,2068-03-01,2068-03-31,93
2068-04,2068-04-01,2068-04-30,93
2068-05,2068-05-01,2068-05-31,93
2068-06,2068-06-01,2068-06-30,93
2068-07,2068-07-01,2068-07-31,94
2068-08,2068-08-01,2068-08-31,94
2068-09,2068-09-01,2068-09-30,94
2068-10,2068-10-01,2068-10-31,94
2068-11,2068-11-01,2068-11-30,94
2068-12,2068-12-01,2068-12-31,94
2069-01,2069-01-01,2069-01-31,94
2069-02,2069-02-01,2069-02-28,94
2069-03,2069-03-01,2069-03-31,94
2069-04,2069-04-01,2069-04-30,94
2069-05,2069-05-01,2069-05-31,94
2069-06,2069-06-01,2069-06-30,94
2069-07,2069-07-01,2069-07-31,95
2069-08,2069-08-01,2069-08-31,95
2069-09,2069-09-01,2069-09-30,95
2069-10,2069-10-01,2069-10-31,95
2069-11,2069-11-01,2069-11-30,95
2069-12,2069-12-01,2069-12-31,95
2070-01,2070-01-01,2070-01-31,95
2070-02,2070-02-01,2070-02-28,95
2070-03,2070-03-01,2070-03-31,95
2070-04,2070-04-01,2070-04-30,95
2070-05,2070-05-01,2070-05-31,95
2070-06,2070-06-01,2070-06-30,95
2070-07,2070-07-01,2070-07-31,96
2070-08,2070-08-01,2070-08-31,96
2070-09,2070-09-01,2070-09-30,96
2070-10,2070-10-01,2070-10-31,96
2070-11,2070-11-01,2070-11-30,96
2070-12,2070-12-01,2070-12-31,96
2071-01,2071-01-01,2071-01-31,96
2071-02,2071-02-01,2071-02-28,96
2071-03,2071-03-01,2071-03-31,96
2071-04,2071-04-01,2071-04-30,96
2071-05,2071-05-01,2071-05-31,96
2071-06,2071-06-01,2071-06-30,96
2071-07,2071-07-01,2071-07-31,97
2071-08,2071-08-01,2071-08-31,97
2071-09,2071-09-01,2071-09-30,97
2071-10,2071-10-01,2071-10-31,97
2071-11,2071-11-01,2071-11-30,97
2071-12,2071-12-01,2071-12-31,97
2072-01,2072-01-01,2072-01-31,97
2072-02,2072-02-01,2072-02-29,97
2072-03,2072-03-01,2072-03-31,97
2072-04,2072-04-01,2072-04-30,97
2072-05,2072-05-01,2072-05-31,97
2072-06,2072-06-01,2072-06-30,97
2072-07,2072-07-01,2072-07-31,98
2072-08,2072-08-01,2072-08-31,98
2072-09,2072-09-01,2072-09-30,98
2072-10,2072-10-01,2072-10-31,98
2072-11,2072-11-01,2072-11-30,98
2072-12,2072-12-01,2072-12-31,98
2073-01,2073-01-01,2073-01-31,98
2073-02,2073-02-01,2073-02-28,98
2073-03,2073-03-01,2073-03-31,98
2073-04,2073-04-01,2073-04-30,98
2073-05,2073-05-01,2073-05-31,98
2073-06,2073-06-01,2073-06-30,98
2073-07,2073-07-01,2073-07-31,99
2073-08,2073-08-01,2073-08-31,99
2073-09,2073-09-01,2073-09-30,99
2073-10,2073-10-01,2073-10-31,99
2073-11,2073-11-01,2073-11-30,99
2073-12,2073-12-01,2073-12-31,99
2074-01,2074-01-01,2074-01-31,99
2074-02,2074-02-01,2074-02-28,99
2074-03,2074-03-01,2074-03-31,99
2074-04,2074-04-01,2074-04-30,99
2074-05,2074-05-01,2074-05-31,99
2074-06,2074-06-01,2074-06-30,99
2074-07,2074-07-01,2074-07-31,100
2074-08,2074-08-01,2074-08-31,100
2074-09,2074-09-01,2074-09-30,100
2074-10,2074-10-01,2074-10-31,100
2074-11,2074-11-01,2074-11-30,100
2074-12,2074-12-01,2074-12-31,100
2075-01,2075-01-01,2075-01-31,100
2075-02,2075-02-01,2075-02-28,100
2075-03,2075-03-01,2075-03-31,100
2075-04,2075-04-01,2075-04-30,100
2075-05,2075-05-01,2075-05-31,100
2075-06,2075-06-01,2075-06-30,100
2075-07,2075-07-01,2075-07-31,101
2075-08,2075-08-01,2075-08-31,101
2075-09,2075-09-01,2075-09-30,101
2075-10,2075-10-01,2075-10-31,101
2075-11,2075-11-01,2075-11-30,101
2075-12,2075-12-01,2075-12-31,101
2076-01,2076-01-01,2076-01-31,101
2076-02,2076-02-01,2076-02-29,101
2076-03,2076-03-01,2076-03-31,101
2076-04,2076-04-01,2076-04-30,101
2076-05,2076-05-01,2076-05-31,101
2076-06,2076-06-01,2076-06-30,101
2076-07,2076-07-01,2076-07-31,102
2076-08,2076-08-01,2076-08-31,102
2076-09,2076-09-01,2076-09-30,102
2076-10,2076-10-01,2076-10-31,102
2076-11,2076-11-01,2076-11-30,102
2076-12,2076-12-01,2076-12-31,102
2077-01,2077-01-01,2077-01-31,102
2077-02,2077-02-01,2077-02-28,102
2077-03,2077-03-01,2077-03-31,102
2077-04,2077-04-01,2077-04-30,102
2077-05,2077-05-01,2077-05-31,102
2077-06,2077-06-01,2077-06-30,102
2077-07,2077-07-01,2077-07-31,103
2077-08,2077-08-01,2077-08-31,103
2077-09,2077-09-01,2077-09-30,103
2077-10,2077-10-01,2077-10-31,103
2077-11,2077-11-01,2077-11-30,103
2077-12,2077-12-01,2077-12-31,103
2078-01,2078-01-01,2078-01-31,103
2078-02,2078-02-01,2078-02-28,103
2078-03,2078-03-01,2078-03-31,103
2078-04,2078-04-01,2078-04-30,103
2078-05,2078-05-01,2078-05-31,103
2078-06,2078-06-01,2078-06-30,103
2078-07,2078-07-01,2078-07-31,104
2078-08,2078-08-01,2078-08-31,104
2078-09,2078-09-01,2078-09-30,104
2078-10,2078-10-01,2078-10-31,104
2078-11,2078-11-01,2078-11-30,104
2078-12,2078-12-01,2078-12-31,104
2079-01,2079-01-01,2079-01-31,104
2079-02,2079-02-01,2079-02-28,104
2079-03,2079-03-01,2079-03-31,104
2079-04,2079-04-01,2079-04-30,104
2079-05,2079-05-01,2079-05-31,104
2079-06,2079-06-01,2079-06-30,104
2079-07,2079-07-01,2079-07-31,105
2079-08,2079-08-01,2079-08-31,105
2079-09,2079-09-01,2079-09-30,105
2079-10,2079-10-01,2079-10-31,105
2079-11,2079-11-01,2079-11-30,105
2079-12,2079-12-01,2079-12-31,105
2080-01,2080-01-01,2080-01-31,105
2080-02,2080-02-01,2080-02-29,105
2080-03,2080-03-01,2080-03-31,105
2080-04,2080-04-01,2080-04-30,105
2080-05,2080-05-01,2080-05-31,105
2080-06,2080-06-01,2080-06-30,105
2080-07,2080-07-01,2080-07-31,106
